{"Epoch": 0, "Train loss": 7.180989742279053, "Train Acc": 0.425520833581686, "Train f1-score": 0.4086028024930075, "Val loss": 30.46875, "Val Acc": 0.1953125, "Val f1-score": 0.2210882204246714}
{"Epoch": 1, "Train loss": 7.623697757720947, "Train Acc": 0.39010416716337204, "Train f1-score": 0.22669939544552978, "Val loss": 30.46875, "Val Acc": 0.1953125, "Val f1-score": 0.2210882204246714}
{"Epoch": 2, "Train loss": 7.623697757720947, "Train Acc": 0.39010416716337204, "Train f1-score": 0.22669939544552978, "Val loss": 30.46875, "Val Acc": 0.1953125, "Val f1-score": 0.2210882204246714}
{"Epoch": 3, "Train loss": 7.623697757720947, "Train Acc": 0.39010416716337204, "Train f1-score": 0.22669939544552978, "Val loss": 30.46875, "Val Acc": 0.1953125, "Val f1-score": 0.2210882204246714}
{"Epoch": 4, "Train loss": 7.623697757720947, "Train Acc": 0.39010416716337204, "Train f1-score": 0.22669939544552978, "Val loss": 30.46875, "Val Acc": 0.1953125, "Val f1-score": 0.2210882204246714}
{"Epoch": 5, "Train loss": 7.623697757720947, "Train Acc": 0.39010416716337204, "Train f1-score": 0.22669939544552978, "Val loss": 30.46875, "Val Acc": 0.1953125, "Val f1-score": 0.2210882204246714}
{"Epoch": 0, "Train loss": 5.553385257720947, "Train Acc": 0.5557291656732559, "Train f1-score": 0.48760790119222724, "Val loss": 30.46875, "Val Acc": 0.1953125, "Val f1-score": 0.2417628205128205}
{"Epoch": 1, "Train loss": 7.574869632720947, "Train Acc": 0.39401041716337204, "Train f1-score": 0.22450209093844267, "Val loss": 30.46875, "Val Acc": 0.1953125, "Val f1-score": 0.2417628205128205}
{"Epoch": 2, "Train loss": 7.574869632720947, "Train Acc": 0.39401041716337204, "Train f1-score": 0.22450209093844267, "Val loss": 30.46875, "Val Acc": 0.1953125, "Val f1-score": 0.2417628205128205}
{"Epoch": 3, "Train loss": 7.574869632720947, "Train Acc": 0.39401041716337204, "Train f1-score": 0.22450209093844267, "Val loss": 30.46875, "Val Acc": 0.1953125, "Val f1-score": 0.2417628205128205}
{"Epoch": 4, "Train loss": 7.574869632720947, "Train Acc": 0.39401041716337204, "Train f1-score": 0.22450209093844267, "Val loss": 30.46875, "Val Acc": 0.1953125, "Val f1-score": 0.2417628205128205}
{"Epoch": 5, "Train loss": 7.574869632720947, "Train Acc": 0.39401041716337204, "Train f1-score": 0.22450209093844267, "Val loss": 30.46875, "Val Acc": 0.1953125, "Val f1-score": 0.2417628205128205}
{"Epoch": 0, "Train loss": 6.695963382720947, "Train Acc": 0.46432291716337204, "Train f1-score": 0.45841286537807785, "Val loss": 30.46875, "Val Acc": 0.1953125, "Val f1-score": 0.22400582573454914}
{"Epoch": 1, "Train loss": 7.574869632720947, "Train Acc": 0.39401041716337204, "Train f1-score": 0.22793322090191623, "Val loss": 30.46875, "Val Acc": 0.1953125, "Val f1-score": 0.22400582573454914}
{"Epoch": 2, "Train loss": 7.574869632720947, "Train Acc": 0.39401041716337204, "Train f1-score": 0.22793322090191623, "Val loss": 30.46875, "Val Acc": 0.1953125, "Val f1-score": 0.22400582573454914}
{"Epoch": 3, "Train loss": 7.574869632720947, "Train Acc": 0.39401041716337204, "Train f1-score": 0.22793322090191623, "Val loss": 30.46875, "Val Acc": 0.1953125, "Val f1-score": 0.22400582573454914}
{"Epoch": 4, "Train loss": 7.574869632720947, "Train Acc": 0.39401041716337204, "Train f1-score": 0.22793322090191623, "Val loss": 30.46875, "Val Acc": 0.1953125, "Val f1-score": 0.22400582573454914}
{"Epoch": 5, "Train loss": 7.574869632720947, "Train Acc": 0.39401041716337204, "Train f1-score": 0.22793322090191623, "Val loss": 30.46875, "Val Acc": 0.1953125, "Val f1-score": 0.22400582573454914}
{"Epoch": 0, "Train loss": 5.046623229980469, "Train Acc": 0.5962701588869095, "Train f1-score": 0.4748079399351251, "Val loss": 19.90927505493164, "Val Acc": 0.3009072542190552, "Val f1-score": 0.45579609293576345}
{"Epoch": 1, "Train loss": 4.903288841247559, "Train Acc": 0.6077368929982185, "Train f1-score": 0.46214877330828225, "Val loss": 19.90927505493164, "Val Acc": 0.3009072542190552, "Val f1-score": 0.45579609293576345}
{"Epoch": 2, "Train loss": 4.903288841247559, "Train Acc": 0.6077368929982185, "Train f1-score": 0.46214877330828225, "Val loss": 19.90927505493164, "Val Acc": 0.3009072542190552, "Val f1-score": 0.45579609293576345}
{"Epoch": 3, "Train loss": 4.903288841247559, "Train Acc": 0.6077368929982185, "Train f1-score": 0.46214877330828225, "Val loss": 19.90927505493164, "Val Acc": 0.3009072542190552, "Val f1-score": 0.45579609293576345}
{"Epoch": 4, "Train loss": 4.903288841247559, "Train Acc": 0.6077368929982185, "Train f1-score": 0.46214877330828225, "Val loss": 19.90927505493164, "Val Acc": 0.3009072542190552, "Val f1-score": 0.45579609293576345}
{"Epoch": 5, "Train loss": 4.903288841247559, "Train Acc": 0.6077368929982185, "Train f1-score": 0.46214877330828225, "Val loss": 19.90927505493164, "Val Acc": 0.3009072542190552, "Val f1-score": 0.45579609293576345}
{"Epoch": 0, "Train loss": 6.810735702514648, "Train Acc": 0.4551411271095276, "Train f1-score": 0.4587013833500094, "Val loss": 19.858871459960938, "Val Acc": 0.3014112859964371, "Val f1-score": 0.45368283789942776}
{"Epoch": 1, "Train loss": 4.906438827514648, "Train Acc": 0.6074848771095276, "Train f1-score": 0.4619725317409621, "Val loss": 19.858871459960938, "Val Acc": 0.3014112859964371, "Val f1-score": 0.45368283789942776}
{"Epoch": 2, "Train loss": 4.906438827514648, "Train Acc": 0.6074848771095276, "Train f1-score": 0.4619725317409621, "Val loss": 19.858871459960938, "Val Acc": 0.3014112859964371, "Val f1-score": 0.45368283789942776}
{"Epoch": 3, "Train loss": 4.906438827514648, "Train Acc": 0.6074848771095276, "Train f1-score": 0.4619725317409621, "Val loss": 19.858871459960938, "Val Acc": 0.3014112859964371, "Val f1-score": 0.45368283789942776}
{"Epoch": 4, "Train loss": 4.906438827514648, "Train Acc": 0.6074848771095276, "Train f1-score": 0.4619725317409621, "Val loss": 19.858871459960938, "Val Acc": 0.3014112859964371, "Val f1-score": 0.45368283789942776}
{"Epoch": 5, "Train loss": 4.906438827514648, "Train Acc": 0.6074848771095276, "Train f1-score": 0.4619725317409621, "Val loss": 19.858871459960938, "Val Acc": 0.3014112859964371, "Val f1-score": 0.45368283789942776}
{"Epoch": 0, "Train loss": 2.4135043621063232, "Train Acc": 0.6138392873108387, "Train f1-score": 0.5592548303796195, "Val loss": 15.234375, "Val Acc": 0.09765625, "Val f1-score": 0.2214909185017881}
{"Epoch": 1, "Train loss": 3.7876675128936768, "Train Acc": 0.39397321455180645, "Train f1-score": 0.2462582567974444, "Val loss": 15.234375, "Val Acc": 0.09765625, "Val f1-score": 0.2214909185017881}
{"Epoch": 2, "Train loss": 3.7876675128936768, "Train Acc": 0.39397321455180645, "Train f1-score": 0.2462582567974444, "Val loss": 15.234375, "Val Acc": 0.09765625, "Val f1-score": 0.2214909185017881}
{"Epoch": 3, "Train loss": 3.7876675128936768, "Train Acc": 0.39397321455180645, "Train f1-score": 0.2462582567974444, "Val loss": 15.234375, "Val Acc": 0.09765625, "Val f1-score": 0.2214909185017881}
{"Epoch": 4, "Train loss": 3.7876675128936768, "Train Acc": 0.39397321455180645, "Train f1-score": 0.2462582567974444, "Val loss": 15.234375, "Val Acc": 0.09765625, "Val f1-score": 0.2214909185017881}
{"Epoch": 5, "Train loss": 3.7876675128936768, "Train Acc": 0.39397321455180645, "Train f1-score": 0.2462582567974444, "Val loss": 15.234375, "Val Acc": 0.09765625, "Val f1-score": 0.2214909185017881}
{"Epoch": 0, "Train loss": 2.6123046875, "Train Acc": 0.58203125, "Train f1-score": 0.567821613080491, "Val loss": 15.234375, "Val Acc": 0.09765625, "Val f1-score": 0.2888752723311546}
{"Epoch": 1, "Train loss": 3.7876675128936768, "Train Acc": 0.39397321455180645, "Train f1-score": 0.2361501362545413, "Val loss": 15.234375, "Val Acc": 0.09765625, "Val f1-score": 0.2888752723311546}
{"Epoch": 2, "Train loss": 3.7876675128936768, "Train Acc": 0.39397321455180645, "Train f1-score": 0.2361501362545413, "Val loss": 15.234375, "Val Acc": 0.09765625, "Val f1-score": 0.2888752723311546}
{"Epoch": 3,